workload,mode,throughput_tps,avg_read_latency_ms,p95_read_latency_ms,avg_write_latency_ms,blocked_read_count,wait_time_ms,committed_txn_count,aborted_txn_count,version_count,version_store_bytes,description
read_heavy,2PL,221.35196465752486,14.071693328312701,40.766899997834116,40.31466000014916,15,54.00849977741018,50,0,30,11946,"90% reads, 10% writes across three warm keys."
read_heavy,MVCC,302.4302082373811,3.1264155469317405,5.101999966427684,32.99999999580905,0,0.0,50,0,30,11946,"90% reads, 10% writes across three warm keys."
mixed,2PL,163.15955764590373,13.583510717754029,45.92109995428473,45.294566666901424,24,74.57719964440912,96,0,44,17301,"70% reads, 30% writes with moderate key reuse."
mixed,MVCC,255.09085619503102,5.7326440485970425,11.486100032925606,31.254641658354863,0,0.0,96,0,44,17305,"70% reads, 30% writes with moderate key reuse."
hot_key_contention,2PL,134.06630859995764,54.97181125392672,71.45899999886751,54.18270000373013,80,683.4114001248963,90,0,40,15768,Hot-key contention where readers and writers collide on the same key.
hot_key_contention,MVCC,223.65810725972952,5.418492502940353,10.564700001850724,40.15357999596745,0,0.0,90,0,40,15772,Hot-key contention where readers and writers collide on the same key.
write_heavy,2PL,116.71500937600108,22.410489001194946,46.51470005046576,45.436440003686585,52,258.75459983944893,120,0,60,23437,Optional write-heavy mix with equal read and write transaction counts.
write_heavy,MVCC,202.62575966819583,5.602523002307862,8.555499953217804,29.528180009219795,0,0.0,120,0,60,23437,Optional write-heavy mix with equal read and write transaction counts.
