{
  "n": 20000,
  "seed": 1234,
  "write_throughput_ops_sec": {
    "LSM": 111319.03589789127,
    "B+Tree": 438589.67182604055,
    "Heap": 670852.0224990917
  },
  "read_latency_us": {
    "LSM": 18.108985997969285,
    "B+Tree": 1.8657223360302548
  },
  "space_amplification_x": {
    "LSM": 1.1081081081081081,
    "Heap": 2.131027027027027
  }
}